distance, drive speed, angle, turn rate, x, y
12.875, 0, 1.5141, 104, 9.358389090991825, 8.84229487302958
12.75, 0, 1.785, 102, 8.35531737375381, 21.55277665501083
13.5, 0, 3.19395, 108, -2.374488557353883, 29.74553349753742
13.0, 0, 2.9172, 104, -15.326424465247, 30.86238453408118
14.5, 0, 3.6366, 116, -29.69389328429585, 28.90640914219636
13.5, 0, 3.3812, 108, -42.29341182466705, 24.05850933394511
12.875, 0, 3.2754, 103, -54.94465407985211, 21.66859418887824
12.875, 0, 3.93975, 104, -66.44692966377423, 15.88384861180148
12.875, 0, 4.62985, 104, -71.78590966905633, 4.168008159525
12.875, 0, 4.80495, 103, -71.72139306151542, -8.706830193143798
12.875, 0, 4.223, 103, -74.25924452477235, -21.32922833891802
12.875, 0, 4.2539, 103, -80.13532542345457, -32.78511321404409
13.375, 0, 5.344650000000001, 107, -78.97468651036622, -46.10965982221899
12.875, 0, 4.99035, 104, -73.31532530084226, -57.67414233118305
13.5, 0, 4.941, 108, -69.93240778001229, -70.74341427139692
12.75, 0, 4.691999999999999, 102, -68.60738897984338, -83.42437737280207
12.75, 0, 5.0337, 103, -66.69624099699984, -96.03032887943867
13.25, 0, 5.3742, 107, -60.44220584335839, -107.7114908206591
12.875, 0, 6.1182, 104, -49.37930102062037, -114.2976704327742
12.75, 0, 6.339300000000001, 103, -36.64818677341007, -114.9913778815441
13.25, 0, 5.9943, 106, -23.48782472267076, -116.5300041173339
12.875, 0, 5.96885, 104, -11.19401030321817, -120.3546285459621
13.375, 0, 6.799849999999999, 108, 2.112606199741432, -119.003857564943
12.875, 0, 6.602299999999999, 104, 13.87967905601511, -113.7787622169951
12.75, 0, -0.204, 103, 1.150792633011859, -114.5122132584992
13.25, 0, -4.7859, 106, -9.424179819670679, -122.495474348117
12.75, 0, -4.396199999999999, 103, -10.96745831822173, -109.8392193145018
12.75, 0, 1.122, 102, -11.81221088700925, -122.5612039512449
12.875, 0, 3.13635, 104, -18.63353810742015, -111.6417204491702
12.875, 0, 2.96125, 104, -31.45314792633517, -110.448728793383
12.75, 0, 3.2793, 102, -44.20025096603569, -110.1769492958904
12.75, 0, 3.2079, 103, -56.88397341251473, -111.4752885815487
12.75, 0, 1.4127, 102, -65.4764700749564, -102.0555486113623
12.625, 0, 3.454200000000001, 102, -75.06605708519134, -93.84394426305532
13.25, 0, 3.657, 107, -87.19664537707523, -99.17417199672762
12.75, 0, 2.1522, 102, -99.59026292923415, -96.18072181828492
12.875, 0, 1.69435, 103, -104.0350367315363, -84.09727815158259
13.625, 0, 2.5179, 109, -110.9854729497258, -72.3784018668495
13.375, 0, 4.11415, 108, -124.1575101783414, -74.69962142733166
13.375, 0, -0.5885, 107, -126.710137898465, -61.57046620993643
12.75, 0, 0.459, 102, -113.9868561476179, -62.39545196045613
12.875, 0, 3.35265, 103, -118.2201078536121, -50.23629059983191
12.75, 0, 2.8356, 103, -130.9557465398403, -49.63130526625235
12.875, 0, 2.7489, 103, -143.0530696635412, -45.22444717450806
13.375, 0, 3.0067, 108, -155.9654018323162, -41.73699782531044
12.75, 0, 3.1977, 102, -168.7055105066383, -41.23487138061456
12.875, 0, 4.11485, 103, -179.9125431049623, -47.57269792763393
13.0, 0, 4.279649999999999, 104, -186.3170684776138, -58.88561332336917
13.125, 0, 4.530749999999999, 106, -190.2858113111361, -71.39619705560827
13.5, 0, 4.152600000000001, 109, -195.1766048540026, -83.97912749811869
12.875, 0, 3.7332, 104, -204.1346214759251, -93.22680629884266
12.75, 0, 4.9215, 102, -208.9234610845505, -105.043299653593
13.625, 0, 5.439100000000001, 110, -202.7782750270686, -117.2037812772348
12.875, 0, 2.9019, 103, -209.4186241062075, -128.2342567478199
12.75, 0, 3.3864, 103, -222.1685824135986, -128.2668628790091
12.75, 0, 2.7132, 103, -234.8649050627043, -127.0981494026584
13.125, 0, -1.68, 105, -223.4526709308735, -120.6153616442728
13.125, 0, -4.6305, 105, -236.5764468919839, -120.4361145450478
12.875, 0, -4.21785, 103, -240.2360411096056, -108.0921688564785
13.125, 0, 0.315, 105, -245.1120340318605, -120.2778292005928
12.75, 0, 3.1059, 102, -246.886836173227, -107.6519598301692
12.875, 0, 2.8531, 104, -259.5930671219205, -105.5741436500265
12.75, 0, -0.408, 102, -255.2421305364134, -93.5894930156152
13.125, 0, -3.417749999999999, 105, -259.644859931019, -105.954022884473
12.75, 0, -2.4072, 102, -272.0616663626973, -108.849781513612
13.125, 0, 0.9449999999999999, 105, -262.2908861774845, -117.6131986309386
12.75, 0, 3.1059, 102, -267.8900639213099, -106.1584306894633
12.875, 0, 3.2538, 103, -280.7556429873846, -106.6508738786555
12.875, 0, -0.5665, 103, -277.8562177930942, -94.10659396537573
13.375, 0, -3.7842, 107, -285.4584997798174, -105.1109537193253
12.75, 0, -3.0651, 102, -297.701126700714, -101.549972664091
12.75, 0, 0.612, 102, -293.3981633973547, -113.5519311213572
12.75, 0, 2.6775, 102, -294.3402134809545, -100.8367810380908
12.875, 0, 2.07545, 103, -303.6269622205724, -91.91927450054314
12.75, 0, -0.051, 102, -296.8697783497615, -81.10710699647376
13.25, 0, -1.7808, 106, -288.7995078051425, -91.61582877110723
12.875, 0, -1.48835, 104, -289.6201016343253, -104.4646517042598
13.125, 0, -0.5932500000000001, 106, -282.9850181276902, -115.789018876865
12.75, 0, -2.0961, 102, -280.1264772517125, -128.2144461958897
12.875, 0, -1.7595, 103, -284.6258829453305, -140.2776536219533
13.25, 0, -1.7914, 106, -287.3186549079514, -153.2511450239362
12.875, 0, 1.545, 103, -274.5412413017451, -154.8333354473473
13.0, 0, 3.4944, 105, -285.1073462189676, -147.2598668313005
13.0, 0, 2.678, 104, -298.0874070686348, -146.5401305331079
12.875, 0, 2.01365, 103, -307.0965152760573, -137.3422180358641
13.625, 0, 2.3326, 109, -314.8159344839249, -126.114965830039
12.75, 0, -0.5609999999999999, 103, -306.7493898557953, -116.2410933494773
12.875, 0, -1.0815, 103, -297.9775655492852, -125.6655680476087
13.25, 0, -1.3886, 107, -293.6120361494975, -138.1757500230873
12.75, 0, -1.6116, 102, -292.7114086388496, -150.8939012286307
12.75, 0, 0.303, 102, -282.5946132870341, -158.6536017260393
12.75, 0, 1.1781, 103, -273.1838690310642, -150.0512536425955
13.25, 0, 0.3885, 106, -263.7950667788926, -140.701767439086
12.75, 0, -0.408, 102, -251.0456727975292, -140.8260779695191
12.875, 0, -0.9638999999999999, 103, -241.0827704460819, -148.9812114286065
13.0, 0, -0.2652, 105, -230.4613415042078, -156.4768933343919
12.75, 0, 0.357, 103, -217.7247700600915, -155.8918738057266
12.875, 0, 0.7570499999999999, 103, -206.7960627175546, -149.085334242837
12.75, 0, -0.204, 103, -194.5304356052814, -145.6044016748794
12.75, 0, -0.9638999999999999, 102, -183.8932198020419, -152.6337785999924
13.125, 0, -0.48825, 106, -174.0785269900314, -161.3479871128678
12.625, 0, 0.0, 101, -161.8278684618744, -164.3995425566527
13.25, 0, -0.05300000000000001, 106, -148.582520595868, -164.7506264618404
12.75, 0, -0.2142, 103, -135.9461385680535, -166.4489636624944
13.0, 0, 0.156, 104, -122.9516424446422, -166.8272102733845
12.75, 0, 0.1071, 102, -110.3118053801933, -165.1547812063733
12.75, 0, -0.153, 102, -97.56516296125641, -165.4473680204272
13.125, 0, -0.11025, 106, -84.55369514110403, -167.169962042575
12.75, 0, -0.3264, 102, -72.10635955269066, -169.9315443334759
12.75, 0, -0.3383500000000001, 102, -60.05416611013846, -174.0917286110413
13.125, 0, 0.0, 105, -47.116538519249, -176.3015741530319
12.625, 0, 0.2121, 102, -34.56246618552715, -174.9652011363635
12.75, 0, 0.1173, 103, -21.98500445566212, -172.8747570606272
12.875, 0, 0.1224, 103, -9.202362218646259, -171.3353797707927
12.75, 0, 0.5558999999999999, 102, 2.82136959049722, -167.0936379844753
12.875, 0, 0.3708, 103, 14.33883276005245, -161.3391903882295
12.75, 0, -0.306, 102, 27.08214112546738, -160.926162660412
12.875, 0, -0.8568, 103, 37.84170906082583, -167.997041166256
13.5, 0, -1.2906, 108, 44.27952572046726, -179.8631490646717
12.875, 0, -1.9364, 103, 43.72988301857794, -192.7264113997195
12.75, 0, -2.5398, 102, 35.83928678411251, -202.7414496455096
12.75, 0, -3.1875, 102, 23.57860675210622, -206.2397671200626
12.875, 0, -3.1415, 103, 10.70698466010987, -205.9448608284519
12.75, 0, -3.2385, 102, -2.02807990289967, -205.3279081755047
12.75, 0, -3.1518, 102, -14.75979829128986, -204.6453784115184
13.25, 0, -3.286, 106, -27.97022418550521, -203.6220760644847
12.75, 0, -3.2742, 102, -40.59811976312715, -201.8617484584193
13.125, 0, -2.8245, 106, -53.66732095399415, -203.0707171232905
13.125, 0, -3.66975, 105, -66.71930169800458, -201.6881746617432
12.875, 0, -4.25905, 103, -75.47643820133555, -192.2500506287572
12.875, 0, -1.80765, 104, -88.27608702642152, -193.6409549944398
13.25, 0, 0.159, 107, -79.27863966891178, -203.3676420485627
12.75, 0, -1.224, 102, -68.29399775576551, -209.8406739533157
12.75, 0, -4.4541, 102, -80.46491820802576, -213.6395152693953
13.0, 0, -5.023199999999999, 105, -80.12356419147991, -200.6439976792649
13.125, 0, -5.082, 105, -75.74393512068891, -188.2712666063658
12.75, 0, -4.2942, 102, -76.05358917152765, -175.5250273818416
12.75, 0, -2.0043, 103, -88.80321537552208, -175.4273971692085
12.75, 0, -1.4178, 102, -90.58559271859188, -188.0521993857548
12.625, 0, -3.12595, 103, -98.72925209780135, -197.6995532672817
13.125, 0, -4.79325, 105, -107.7025097335708, -188.1211258179503
12.75, 0, -2.7948, 102, -117.8337798651076, -180.3803335121311
12.75, 0, 0.102, 102, -114.996677093597, -192.8106733250198
13.0, 0, -0.364, 104, -102.1080641640298, -194.5088066389239
12.75, 0, -3.7485, 102, -108.0573373899389, -205.7857143748008
13.5, 0, -5.1786, 108, -111.3821020867981, -192.7015277470231
12.75, 0, -4.794, 104, -107.933243483419, -180.4268434604967
13.0, 0, -4.446, 104, -109.1325923094126, -167.4822862106875
12.75, 0, -2.2899, 102, -121.5573446106448, -164.6208127697789
12.75, 0, -1.8079, 102, -127.4235726143885, -175.9411426681561
12.75, 0, -2.9427, 102, -136.609776057409, -184.7828713624466
12.875, 0, -4.3672, 103, -147.8251964357787, -178.4598996926975
12.75, 0, -4.1208, 102, -153.5811758305129, -167.0831162629492
13.125, 0, -3.21825, 106, -164.9192135546247, -160.471420144205
13.5, 0, -3.1752, 109, -178.3987016156072, -159.7275104629735
12.75, 0, -4.467599999999999, 103, -188.3142981209147, -151.7123095332442
12.75, 0, -5.30755, 102, -186.092083879755, -139.1574593204226
13.0, 0, -4.2951, 104, -184.9374391631757, -126.2088379428985
12.75, 0, 0.357, 102, -189.8820074300917, -137.9610183641568
12.625, 0, -0.606, 103, -177.3547264379116, -139.5287734288796
12.75, 0, -4.4541, 102, -187.7939586003941, -146.8489463679427
12.75, 0, -4.8195, 103, -188.7568005913182, -134.1353538268663
12.75, 0, -4.9317, 104, -186.6850864197891, -121.5547934104347
13.375, 0, -5.39815, 108, -180.8368986401276, -109.5261058388906
13.25, 0, -5.6816, 107, -171.081819120491, -100.5594496301601
12.75, 0, -5.63075, 102, -160.7570571018669, -93.07868835480994
12.75, 0, -5.8479, 102, -149.8466580503741, -86.48128791697198
13.0, 0, -6.2452, 104, -137.2089385230397, -83.43365848601563
12.75, 0, -6.3444, 102, -124.4597985078163, -83.58174248997461
12.75, 0, -6.563699999999999, 102, -111.8954626345458, -85.7496825407253
13.125, 0, -6.9825, 105, -100.3143169679825, -91.92565939057202
12.875, 0, -7.07095, 103, -90.83732346415831, -100.6407164258686
12.75, 0, -7.2216, 103, -82.54863953719779, -110.3288647917302
12.625, 0, -5.45905, 102, -69.9442438924047, -111.0498609286971
12.75, 0, 0.918, 102, -78.15537319459015, -120.8038270749779
12.75, 0, 2.2491, 103, -78.31797811975555, -108.0548639940716
12.75, 0, 2.2491, 103, -86.3182601770102, -98.12722646017818
13.375, 0, 2.5546, 107, -96.19759772747496, -89.11116775562347
12.75, 0, 2.7795, 103, -107.538745559004, -83.28528877787219
13.375, 0, 1.80295, 107, -116.3623252174169, -73.2336686591231
12.75, 0, -0.153, 103, -107.710489771311, -63.86840072843871
13.125, 0, -2.4255, 106, -104.0638210898828, -76.47662949095292
12.75, 0, -2.3613, 102, -113.4085463792449, -85.15064870158163
12.625, 0, 0.101, 102, -108.0236790953029, -96.56966045104276
12.875, 0, 1.18965, 104, -97.73778577894094, -88.82588723093749
13.125, 0, 0.609, 106, -89.57221701771349, -78.55023095964919
12.875, 0, -0.3605, 103, -76.79647175469509, -76.95462512659923
12.75, 0, -1.1781, 102, -67.63689995323158, -85.82393989234266
12.75, 0, -1.01, 102, -61.78604295785654, -97.1522218635716
12.875, 0, -0.42745, 103, -52.09572785421089, -105.6294512571917
12.75, 0, 0.102, 102, -39.51416202995318, -107.6950507851425
12.875, 0, 0.6488999999999999, 104, -27.53599970222981, -102.9739013222777
12.75, 0, 0.7803, 103, -17.90521799824161, -94.6186309035464
12.75, 0, 0.3875999999999999, 102, -7.268002195002063, -87.58925397843342
12.75, 0, -0.153, 102, 5.394382860351216, -86.09710629473522
13.25, 0, -2.3373, 106, 9.633338908450256, -98.65074129111314
12.75, 0, -3.9627, 102, -3.116210487059355, -98.54354888718198
13.25, 0, -4.4202, 106, -9.710666373277384, -87.05113175392738
12.75, 0, -4.5492, 102, -12.58868249453287, -74.63020090290844
12.75, 0, -4.6359, 102, -14.11297488146464, -61.97164519069776
13.0, 0, -5.1376, 104, -11.8577494265153, -49.16875652651933
12.75, 0, -5.4519, 102, -4.845283695638442, -38.52038461465986
13.25, 0, -5.883, 107, 5.971340347530885, -30.86772858497113
12.875, 0, -5.71135, 104, 17.35546020445564, -24.85379143172687
12.75, 0, -4.156499999999999, 102, 20.15699682856781, -12.41538749296696
13.0, 0, -3.12605, 104, 8.746444313446581, -6.186479779759088
12.75, 0, -5.2989, 102, 2.634731207615091, 5.003223652951165
13.25, 0, -6.4554, 106, 14.80742636592677, 10.23657750901855
12.75, 0, -4.6971, 103, 24.50196513320401, 18.51778624263701
12.75, 0, -3.9015, 102, 19.38360016086297, 30.19532194200065
13.0, 0, -4.763199999999999, 105, 14.56116346599607, 42.26777423322969
12.75, 0, -5.4213, 102, 19.28875381169718, 54.10890549351194
12.875, 0, -3.8831, 103, 18.5142884979287, 66.96059131591554
12.875, 0, 0.408, 103, 16.37727111088382, 54.26418309597129
13.0, 0, -0.26, 104, 29.34169335064793, 55.225305350999
12.75, 0, -4.284, 103, 21.11618588578103, 45.48346122653166
13.0, 0, -4.685199999999999, 104, 18.18047164269634, 58.14764623319316
12.75, 0, -4.9113, 102, 19.27385506177912, 70.85067786736911
12.75, 0, -5.2326, 103, 23.76011288900756, 82.78533289831287
13.25, 0, -5.61225, 106, 32.39727228515537, 92.83331665454654
12.75, 0, -5.1357, 102, 40.23047733463366, 102.8933066472268
13.5, 0, -2.9916, 109, 32.07401969281689, 113.6507319310598
12.625, 0, 0.202, 101, 34.28452034352253, 101.2207555886354
12.75, 0, -0.459, 102, 46.92939951772071, 99.58688574377966
12.75, 0, -3.9627, 102, 39.31460875042898, 89.36057352625136
13.25, 0, -4.982, 106, 36.16454726621743, 102.2306789122102
12.75, 0, -5.1204, 102, 40.40221299967444, 114.255847897779
13.25, 0, -4.4414, 106, 41.30927403304044, 127.4747639003016
12.75, 0, 0.255, 103, 34.94747469267444, 116.4253291114575
13.0, 0, 0.9827999999999999, 105, 45.53619702925404, 123.9671431690182
12.625, 0, -1.5655, 101, 57.62914123670067, 120.340667552723
13.125, 0, -4.740749999999999, 105, 44.50501400680532, 120.492026244313
12.75, 0, -4.824599999999999, 102, 45.40042309303774, 133.2105459132168
12.75, 0, -4.8297, 102, 46.8604164544948, 145.8766786846866
13.125, 0, -4.5255, 105, 46.40390318424231, 158.993737068108
12.75, 0, -2.3256, 102, 34.1644861041263, 162.5657350438863
12.75, 0, -1.2189, 102, 31.61328993857305, 150.0735815816178
12.75, 0, -2.5194, 102, 27.86546555056791, 137.8868546889418
12.75, 0, -4.5237, 103, 16.02478973884658, 142.61558563093
12.75, 0, -4.799099999999999, 103, 15.3749619030188, 155.3490150112574
12.75, 0, -3.0447, 103, 6.3135706390888, 164.3186130157375
12.875, 0, -1.9673, 103, -4.047199442342754, 156.6753108288739
13.125, 0, -3.35475, 106, -15.68556546411947, 150.6078516124347
13.375, 0, -5.5319, 108, -19.24103116807688, 163.5016209848092
12.75, 0, -5.7732, 102, -8.943454686523932, 171.0197602896217
13.0, 0, 0.104, 104, -21.33566151333979, 167.0912478534166
12.75, 0, 2.2491, 102, -16.43822788032432, 178.8631484565566
13.625, 0, -1.1445, 109, -4.83899168723047, 186.0114590777329
12.75, 0, -4.4982, 102, -16.94076969499068, 181.9977987718661
12.75, 0, -4.8195, 102, -17.62306562779708, 194.729529693468
13.0, 0, -3.718, 104, -23.20304277307293, 206.4710736744868
12.75, 0, 0.255, 102, -25.24320664244659, 193.8853583040321
13.25, 0, 2.6712, 106, -23.81898717703038, 207.0585924898472
12.75, 0, 1.3005, 103, -28.96028502667319, 218.7260496430258
13.0, 0, -1.248, 104, -15.9647636757419, 219.0672604539464
13.125, 0, -3.85875, 105, -26.88385787747125, 211.7844720584374
12.75, 0, -2.641799999999999, 102, -39.55863140903332, 213.1674456386672
13.0, 0, 0.52, 105, -33.21350347652334, 201.8211091585481
12.75, 0, 1.3923, 102, -25.86096588113905, 212.2375716534866
12.875, 0, 1.14845, 103, -22.05096125665106, 224.5359247855681
13.75, 0, 0.473, 110, -12.57758053232251, 234.5017442527229
12.875, 0, -0.412, 104, 0.291431447520397, 234.8943708726301
12.75, 0, -1.1781, 103, 9.21960711533491, 225.7921634895474
12.75, 0, -0.4845, 102, 17.81203457627085, 216.37236039561
12.625, 0, 0.404, 102, 30.42680931231532, 215.864341341977
12.875, 0, 0.3213, 103, 42.46441946535493, 220.4317877624003
12.75, 0, -0.153, 103, 55.16930330447742, 221.5034344553006
12.75, 0, -0.6425999999999999, 103, 66.92372573437909, 216.5641983464043
12.75, 0, -0.7726500000000001, 102, 76.6125507061707, 208.2763053291178
12.75, 0, 0.153, 103, 88.7554841983644, 204.3889326682887
12.875, 0, 0.8651999999999999, 103, 99.99772193657121, 210.66409925075
12.75, 0, 0.7904999999999999, 102, 108.6225965180795, 220.0542024692057
13.0, 0, -0.572, 104, 121.5450924956976, 221.4716289076656
12.75, 0, -1.1781, 102, 129.7173131180816, 211.6850406308921
12.625, 0, -1.6463, 102, 131.7112084766868, 199.2184851202896
12.75, 0, -1.632, 102, 130.8403776326966, 186.4982589571604
13.25, 0, 0.848, 107, 143.08532317944, 181.436262458022
12.75, 0, 1.8207, 102, 146.0720019461331, 193.8315135625614
12.75, 0, 1.6932, 103, 143.7122268706351, 206.361236687717
13.75, 0, 1.331, 110, 144.5188380138096, 220.0875573332398
12.75, 0, -0.102, 102, 154.9363762704887, 227.438570642344
13.0, 0, -1.092, 104, 165.6877120056481, 220.1304395604678
12.75, 0, -1.4433, 103, 169.4938998876506, 207.9618145844527
12.75, 0, -1.6167, 102, 170.0139087809808, 195.2224232822414
13.0, 0, -1.7212, 104, 168.7399589001792, 182.2849949558233
12.75, 0, 0.816, 102, 180.2062015592196, 176.709353352922
12.875, 0, 2.3562, 103, 180.0091744576178, 189.5828457043096
12.875, 0, 2.1471, 103, 171.9049208895136, 199.5871797203183
13.375, 0, 1.4552, 107, 168.8511158918475, 212.6088885189449
12.75, 0, -0.612, 102, 180.4846666695278, 217.8264546472402
13.125, 0, -3.3075, 106, 175.5073982625888, 205.6818087402865
12.75, 0, -1.6524, 102, 165.4478519115764, 197.8480339661541
13.25, 0, 0.848, 106, 177.6405290127844, 192.6614045109415
12.875, 0, 1.83855, 103, 180.5446581080661, 205.2045962577793
13.25, 0, 0.7579000000000001, 107, 184.1116736760431, 217.9654308675456
12.75, 0, -0.255, 102, 196.4607201870051, 221.1377407940973
13.25, 0, -1.323, 106, 205.7960781357132, 211.7348905895321
12.75, 0, -1.0251, 103, 210.7229261851084, 199.975270344891
12.75, 0, 0.153, 102, 222.2798712198345, 194.5901499688622
13.0, 0, 0.8736000000000001, 104, 233.6045452761852, 200.9738602941681
12.75, 0, 0.255, 102, 244.3778258790671, 207.7928723231624
13.25, 0, -0.212, 106, 257.6247635907817, 208.0777253764249
12.875, 0, -0.10815, 103, 270.3351609868514, 206.0255501806909
12.75, 0, 0.102, 103, 283.0851007072896, 205.9863439924774
12.75, 0, 0.4284, 102, 295.3893619787986, 209.3281480804579
12.75, 0, 0.6629999999999999, 102, 306.2876053839667, 215.945609125429
12.75, 0, -0.051, 102, 318.4453192110857, 219.7865067415965
13.875, 0, -1.28205, 111, 329.3507203280854, 211.2081705697424
13.125, 0, -0.8295, 106, 335.8154838274905, 199.7857164596678
12.75, 0, 0.0, 102, 347.4845017170701, 194.6479619411383
12.75, 0, 0.1071, 102, 360.2162251192604, 195.3303981726802
13.125, 0, 0.4462499999999999, 105, 372.8420683311445, 198.9156050270919
12.75, 0, 0.4539, 102, 384.3223529180601, 204.4622766239533
12.875, 0, 0.5871, 104, 395.4923247940093, 210.8651941847614
13.0, 0, 1.4924, 104, 402.0759907460928, 222.0748035727542
13.25, 0, 2.9256, 107, 394.1822548501572, 232.7167692560863
12.75, 0, 2.6214, 102, 382.2863088164238, 237.3046846827811
12.875, 0, 1.6789, 103, 375.237462691863, 248.0786994086047
12.75, 0, 1.4025, 103, 375.6211329316701, 260.8229254403057
12.75, 0, 2.1981, 103, 372.7205813875582, 273.2386131272585
13.125, 0, 3.22875, 105, 360.780400402619, 278.6881730220478
12.75, 0, 3.1518, 102, 348.0455059831315, 278.0677182497184
13.0, 0, 3.6608, 104, 335.4983075760174, 274.6665696007303
12.875, 0, 4.51655, 103, 327.9786139364417, 264.2157403242123
12.875, 0, 5.010949999999999, 103, 328.6395963676147, 251.3577184224701
13.125, 0, 5.1376, 105, 333.2863546393316, 239.0828146524103
13.25, 0, 3.6411, 106, 329.0801446380336, 226.5181699131038
12.875, 0, 1.7799, 103, 317.3830820988221, 231.8981655407764
13.25, 0, -0.159, 107, 326.5146168482961, 241.4990807637721
12.75, 0, 0.202, 102, 339.2616701180592, 241.7731846452133
13.25, 0, 2.1147, 106, 344.5729552788523, 253.9120787439662
12.875, 0, 3.55865, 103, 332.291857432344, 257.7773420835705
14.0, 0, 4.284, 112, 322.3364329630483, 247.9340944672527
12.875, 0, 3.5741, 104, 313.2511992453164, 238.811367172513
12.75, 0, 3.1518, 103, 300.8122949455738, 236.0120530026054
12.75, 0, 3.1671, 103, 288.0643277822855, 235.7843839363603
13.5, 0, 4.2714, 108, 276.7547813020594, 228.4125348866575
12.875, 0, 4.44445, 103, 272.2860269274624, 216.3379392686039
13.25, 0, 3.1429, 107, 261.7546372063417, 208.2972719740397
13.0, 0, -0.312, 105, 263.7660266499472, 221.1407260462958
12.75, 0, -1.1781, 103, 273.1379651865649, 212.496116855253
12.75, 0, 0.357, 103, 284.8284586610949, 207.4074173826991
12.75, 0, 2.2491, 103, 288.2015825516299, 219.7031294490701
12.75, 0, 3.3201, 103, 276.2554445446473, 224.1587199506899
13.375, 0, 3.9804, 108, 264.5737305960685, 217.6450278929104
12.875, 0, 3.78525, 104, 255.0766536815444, 208.9518607439587
13.375, 0, 4.505, 107, 247.8899107511217, 197.6717299356737
13.375, 0, 4.3977, 108, 244.4380309222579, 184.7498434384519
13.375, 0, 4.00715, 107, 237.9090807048836, 173.0766504708424
12.75, 0, 3.8505, 103, 228.9100206821519, 164.044517903875
14.25, 0, 4.571400000000001, 115, 222.0602185931305, 151.5488101871734
12.875, 0, 4.442099999999999, 103, 219.4312373351182, 138.9450773057997
13.5, 0, 4.6332, 108, 217.0842475023572, 125.6506559673241
12.75, 0, 2.4786, 103, 205.4129565105972, 120.5180672846355
13.125, 0, -0.1575, 105, 210.6476688691954, 132.5539889993501
12.75, 0, 0.255, 102, 223.3825212835465, 133.1753053315821
13.125, 0, 3.19725, 106, 221.3520204703412, 146.142290002182
13.375, 0, 3.8627, 108, 208.9731521831811, 141.0772880348435
12.75, 0, 3.7434, 102, 198.9121543501842, 133.2453775013637
13.375, 0, 4.43515, 108, 191.1069491909027, 122.3840056993525
12.75, 0, 4.2993, 102, 186.7929740605632, 110.3860009246071
12.75, 0, 3.508799999999999, 102, 177.5729275176567, 101.5795690849437
13.375, 0, 3.3337, 107, 164.7175452492242, 97.88771701146201
12.625, 0, 3.4946, 102, 152.5585892855102, 94.48912688135435
12.875, 0, 4.223, 103, 142.8554198488983, 86.02661378627442
12.75, 0, 3.6822, 103, 134.0736217906472, 76.78310131189019
13.5, 0, 4.0176, 108, 123.8208561996167, 68.00068719415575
12.75, 0, 4.1208, 104, 116.17404028198, 57.79829990873189
12.75, 0, 4.6716, 103, 112.2094694717281, 45.68035130797861
13.375, 0, 5.275099999999999, 107, 115.6603418898897, 32.75819573881866
13.625, 0, 5.94, 109, 126.2920628039104, 24.23721367063114
13.375, 0, 6.17925, 107, 139.3342165844736, 21.27193969270917
13.375, 0, 6.5912, 108, 152.6396460690369, 22.63435344459061
13.625, 0, 6.91605, 109, 164.7845496637316, 28.8102697066178
13.375, 0, 6.65005, 107, 176.5230839540368, 35.22099803617047
12.75, 0, 6.2985, 102, 189.0410065918389, 37.64259107258271
12.75, 0, 4.9623, 103, 199.1695438963411, 29.89822330811624
13.25, 0, -2.2575, 106, 202.0403461700408, 42.83348497169773
12.75, 0, -4.6053, 103, 189.8220345900249, 46.47702200782752
13.0, 0, -4.81, 105, 189.760428075617, 59.47687603152265
12.75, 0, -4.9317, 103, 191.7723614383999, 72.06713512908379
13.125, 0, -5.29725, 106, 196.9086837782801, 84.14537249307228
12.625, 0, -5.413600000000001, 102, 204.4789855584856, 94.24889445111333
12.75, 0, -5.0439, 103, 210.773901252439, 105.3365694285835
13.375, 0, 0.2675, 107, 201.0185494387118, 96.1865018883733
12.75, 0, 2.6775, 102, 202.2698103494761, 108.8749551484517
13.375, 0, 1.7655, 107, 194.1679517319033, 119.5168775284007
12.75, 0, 0.3111, 103, 200.6409432877699, 130.5015432182467
13.25, 0, -0.371, 107, 213.8850010904078, 130.1047650429575
12.875, 0, -0.54075, 103, 225.4451565839409, 124.4365704480854
12.75, 0, -0.2397, 102, 237.236656133115, 119.5865149451219
12.75, 0, 0.357, 103, 249.964733549908, 120.3338738094722
12.75, 0, 0.4284, 103, 261.7441931088337, 125.2130983892218
12.875, 0, 0.56135, 103, 273.0745546635241, 131.3277146519151
13.5, 0, 1.0494, 108, 282.4279064733602, 141.0624365237221
12.875, 0, 2.6883, 103, 278.6470307406344, 153.3697759475653
12.875, 0, 3.35265, 103, 265.8663501707476, 154.9253559585311
12.875, 0, 2.96125, 103, 252.9928684129791, 154.7276378956181
12.75, 0, 3.0549, 103, 240.3563465760361, 156.4249345298171
12.75, 0, 3.2844, 102, 227.6113647404588, 156.0672502964444
13.25, 0, 3.5457, 107, 214.8536955848638, 152.4889297802831
12.75, 0, 3.7536, 104, 203.7141325361836, 146.2862984769992
13.125, 0, 3.56475, 105, 192.3082722530391, 139.7923030811441
12.75, 0, 4.008599999999999, 103, 182.1203814673583, 132.1261840278655
13.5, 0, 5.070600000000001, 108, 179.7993202019909, 118.827211338127
12.875, 0, 5.11395, 103, 184.5735584016775, 106.8701099079035
12.875, 0, 4.702199999999999, 103, 187.0769670576373, 94.24083557794827
13.125, 0, 4.5084, 105, 185.6741091226602, 81.19102275882048
13.375, 0, 5.446300000000001, 107, 189.1766424183197, 68.28277401963063
12.75, 0, 5.2428, 103, 196.7104841071778, 57.99668003759725
13.75, 0, 5.357, 110, 204.3319868237969, 46.55224049952602
13.375, 0, 5.35, 107, 212.3313899724404, 35.8330906141353
12.875, 0, 5.283899999999999, 103, 219.6495523219083, 25.24016255684958
13.25, 0, 5.7982, 106, 229.4151609261132, 16.28497475371122
12.875, 0, 6.4272, 103, 242.1035061986552, 14.10059400742151
12.875, 0, 6.71045, 103, 254.4568318233313, 17.72839926828127
12.75, 0, 6.1812, 102, 267.0385738122787, 19.79292549082209
13.375, 0, 6.63935, 107, 280.3057040246884, 21.48817795785064
12.75, 0, 6.476999999999999, 103, 292.5766609795554, 24.95027492526796
13.25, 0, -1.378, 107, 281.5821476669386, 32.3450823614824
13.375, 0, -4.7187, 107, 268.265247966034, 31.09976820190375
12.625, 0, -4.242, 102, 265.3619734874313, 43.38641226372528
13.0, 0, 0.884, 105, 263.9580689762016, 30.46244026888759
12.75, 0, 3.6414, 102, 255.8235150652177, 40.28035922706279
12.75, 0, 3.6006, 102, 244.5108424287479, 34.39937820175178
13.25, 0, 2.9097, 107, 231.3461818332301, 32.89797505641749
13.25, 0, 3.1429, 107, 218.1841464533692, 34.42222065975432
13.75, 0, 3.971, 111, 205.6032789289395, 28.8738630349477
13.125, 0, 1.29675, 106, 194.1339133749982, 35.25502897778791
12.75, 0, 2.6775, 102, 188.9777437004261, 46.91592149453051
12.75, 0, 3.6261, 103, 176.2284079054038, 46.78578008773166
12.75, 0, 2.4735, 102, 163.532085256298, 47.9544935640824
13.375, 0, 1.99555, 107, 155.2923067519078, 58.48998952766139
13.375, 0, 2.3754, 107, 147.5789971993823, 69.41681343705605
13.25, 0, 3.9697, 107, 134.3353458094293, 69.00669411125382
13.0, 0, -0.52, 108, 132.3405601786808, 81.85273748216611
13.25, 0, -1.6695, 107, 138.4126202875964, 70.07595583208375
12.625, 0, 1.3635, 102, 150.8901390112467, 68.1518582511498
13.0, 0, 3.1668, 104, 142.5715834136664, 78.1419349660688
13.0, 0, 2.6624, 104, 129.905064634748, 81.06756344954148
12.75, 0, 2.6214, 102, 118.7140087902427, 87.17679982450377
13.0, 0, 2.678, 104, 107.2552816786339, 93.31663475564673
12.75, 0, 3.5904, 102, 94.50563007925748, 93.41089023038
12.875, 0, 4.20755, 103, 85.15018021000698, 84.56548561872198
13.5, 0, 4.703399999999999, 109, 81.71987025043036, 71.50857275306996
12.75, 0, 4.4013, 103, 79.68807246577626, 58.92150408072712
13.0, 0, 3.671199999999999, 105, 71.55285289138823, 48.78157299237677
13.25, 0, 4.1976, 106, 62.25336242622409, 39.3432480833518
13.0, 0, 4.8616, 104, 59.89031609971328, 26.55982084106799
13.625, 0, 2.91575, 109, 49.89400052621205, 17.3016190742573
13.375, 0, 3.25815, 108, 36.53896322690223, 18.03210092484878
12.875, 0, 4.6144, 104, 27.51987776684527, 8.843971492576449
12.875, 0, 5.3499, 103, 30.95107951605485, -3.565399142400217
13.25, 0, 4.9555, 106, 36.5985056457165, -15.55160279952263
13.5, 0, 4.8043, 108, 38.84934345216393, -28.86264066924064
12.75, 0, -0.255, 102, 30.59804901237871, -19.1426283200731
12.875, 0, -4.4982, 103, 21.31018565699927, -28.05897394436335
13.25, 0, -4.7859, 106, 20.37896249266867, -14.84173809800674
12.75, 0, -3.8505, 103, 15.4822039439466, -3.069556663985372
12.75, 0, 0.204, 103, 12.297501210213, -15.41541299304371
12.875, 0, 1.62225, 103, 20.16767401321764, -5.225908341155764
13.125, 0, 0.4095, 105, 27.08292721184281, 5.929579017041744
12.75, 0, -0.6629999999999999, 102, 39.73064629434377, 4.317840201308593
12.75, 0, -2.142, 102, 41.86630941677364, -8.252022289088552
13.0, 0, -0.9776, 105, 42.00925878417939, -21.2512363221891
12.625, 0, 0.808, 102, 54.58889253983006, -22.3205536622216
12.75, 0, 1.2852, 103, 60.97048945636802, -11.28254112395941
12.75, 0, -0.357, 102, 72.37185545333483, -5.57540932215135
12.75, 0, -1.8207, 102, 78.28154014607779, -16.87311381608991
12.75, 0, -1.2648, 103, 78.63908393463184, -29.6180995924361
12.75, 0, 0.306, 102, 89.95179977489537, -35.49899751005469
12.625, 0, 0.7423500000000001, 102, 100.8817312661778, -29.18019836813921
12.75, 0, 0.2499, 102, 112.0945114828757, -23.11092659864101
12.75, 0, -0.102, 102, 124.8096650263995, -22.1689232204017
12.75, 0, -0.8568, 102, 136.1223808666631, -28.0498211380203
12.75, 0, -1.5402, 102, 140.7602622795072, -39.92637602571372
12.75, 0, -1.5045, 103, 141.3777113497014, -52.66141652999623
12.875, 0, -1.47805, 103, 142.4004697102185, -65.49572953599668
12.75, 0, 1.581, 102, 155.1335817575696, -64.8397130807131
12.75, 0, 3.3201, 102, 145.308662429061, -56.7136156047842
13.125, 0, 2.6985, 106, 132.2983476049102, -54.98233481401611
13.25, 0, 1.3992, 107, 126.2026596649973, -43.21776561071759
13.125, 0, 0.5565000000000001, 105, 133.5369992735628, -32.33323128415005
12.75, 0, -0.714, 103, 146.2474847399464, -33.33625631317475
12.625, 0, -1.16655, 102, 153.6907545336649, -43.53372461554856
12.75, 0, -1.3413, 102, 157.6635930590566, -55.64896518481351
12.75, 0, -1.6167, 102, 158.8323531715966, -68.34528354090932
13.0, 0, 0.0, 104, 167.8113565512763, -77.7462142558812
12.875, 0, 0.8651999999999999, 103, 179.5002962880567, -72.34859322158146
12.75, 0, 0.5763, 103, 189.0795112733403, -63.93425187684636
12.625, 0, -0.1515, 102, 201.420799681644, -61.27281891262048
12.75, 0, -0.5355, 103, 213.4259662128554, -65.56682363524032
12.875, 0, -0.1326, 103, 225.5892647198039, -69.78817347040728
13.0, 0, 0.515, 104, 238.3523643867154, -67.31769034104061
12.625, 0, 1.0605, 102, 247.2585674596466, -58.3694965666686
13.125, 0, -0.1575, 105, 259.0683590016222, -52.64285280831573
12.75, 0, -1.6968, 102, 266.7198401445708, -62.84174178305714
13.0, 0, -0.8476000000000001, 105, 270.5441663091725, -75.26649648432761
12.625, 0, 0.0505, 102, 282.1796779211416, -80.1660367206898
12.875, 0, 0.4326, 103, 294.6808956734211, -77.08623482607194
12.75, 0, 0.5558999999999999, 102, 305.9050360580595, -71.03799767579999
12.625, 0, 0.7878, 102, 315.7862637600239, -63.17975588122972
13.125, 0, 0.4108, 105, 326.6239787040443, -55.77640800394098
13.125, 0, -0.4725, 106, 339.7427335204684, -56.18125003059911
12.75, 0, -1.6065, 102, 346.2025388201175, -67.17367539948957
12.875, 0, -0.618, 104, 351.9015941073159, -78.71864806439681
12.75, 0, 0.306, 102, 364.4967664801766, -80.69959049110368
13.0, 0, 0.7644, 104, 375.6789328503849, -74.06942041266809
12.75, 0, 0.5712, 103, 385.6900535484432, -66.17385441845929
13.125, 0, 0.063, 105, 398.1606891948471, -62.08131589394385
12.625, 0, -0.1515, 102, 410.7733309420325, -62.63978984781654
13.0, 0, -0.1092, 104, 423.6630449354568, -64.32954520517568
12.75, 0, -0.1122, 103, 436.3350023082795, -65.7380892553795
12.875, 0, -0.11845, 104, 449.1244793376896, -67.2196095266521
12.875, 0, 0.0, 104, 461.976905758082, -67.98168570945723
12.75, 0, -0.408, 102, 474.4625225500486, -70.56468267503049
12.75, 0, -2.6775, 103, 474.8200663386027, -83.30966845137667
13.25, 0, -3.6941, 106, 461.5830113979799, -82.72411187944341
12.75, 0, -3.2895, 102, 449.6069160741555, -78.3496815399966
12.875, 0, -2.9252, 103, 436.7394636872642, -78.79046955149747
12.875, 0, -3.0141, 103, 424.0543152871574, -80.99333928601864
13.75, 0, -3.2615, 110, 410.30441417856, -81.04548814785794
13.25, 0, -3.339, 106, 397.2208301687522, -78.95208673907273
12.75, 0, -3.3609, 103, 384.7465868824183, -76.31471030910422
13.375, 0, -3.3598, 107, 371.6903414927565, -73.41211124534574
12.75, 0, -4.3248, 102, 361.9444160286046, -65.19143993168793
12.75, 0, -2.8713, 103, 350.4997658010532, -59.57161064878181
12.75, 0, 0.306, 102, 354.1230029650819, -71.79595735742852
12.75, 0, -0.5609999999999999, 102, 366.7695096864136, -73.41718150828275
13.125, 0, -4.52025, 105, 355.9441560265448, -80.83859263681935
12.75, 0, -4.9215, 102, 356.0523514780578, -68.0890517139362
13.125, 0, -5.07675, 106, 359.7644035924648, -55.49991774451932
12.75, 0, -4.6104, 102, 361.4322318960372, -42.85947278598235
12.875, 0, -2.89945, 103, 350.9039004962354, -35.44867910811311
12.875, 0, -1.59135, 103, 342.8623318943419, -45.50346898264754
12.75, 0, -1.9278, 103, 340.469674463571, -58.02695453655692
12.75, 0, -3.5802, 102, 328.6654487560352, -62.84595396024963
12.625, 0, -4.40865, 102, 320.3600594901527, -53.33747699797203
13.25, 0, -2.4539, 106, 307.6621252330057, -49.55264336871282
12.625, 0, 0.0505, 102, 312.2168813934901, -61.32739692530708
13.125, 0, -0.5775, 105, 324.8888625541493, -64.74595195103027
12.75, 0, -3.92385, 102, 316.8729543970911, -74.66097673252261
12.75, 0, -4.9011, 103, 313.1061195414831, -62.48011242942094
13.0, 0, -4.789199999999999, 104, 314.8269473107225, -49.59450992939733
12.75, 0, -3.830099999999999, 102, 309.8297168186113, -37.86462555619426
12.75, 0, -2.2695, 102, 297.1333941695056, -39.033339032545
13.375, 0, -2.00625, 107, 289.9487416516882, -50.31480140221237
12.75, 0, -3.7842, 103, 277.5837319212735, -53.42430849606962
13.125, 0, -4.808999999999999, 105, 272.2823893671639, -41.41758570739881
12.75, 0, -3.3456, 102, 264.7184627353056, -31.15359457783013
12.75, 0, -2.5908, 102, 252.1596474703074, -33.35328981573239
13.0, 0, -3.7595, 104, 239.1669664041882, -32.91712618347273
12.875, 0, -5.1706, 104, 236.0148472148962, -20.43394671602545
12.75, 0, -4.3299, 103, 236.4974598949674, -7.693083911606186
13.0, 0, -2.9068, 104, 224.9471204869265, -1.727376949388124
12.75, 0, -2.9478, 102, 212.4887504678191, -4.438744955949395
13.375, 0, -5.289400000000001, 107, 205.0053652124307, 6.646811869011466
12.75, 0, -6.357950000000001, 102, 216.4328050130158, 12.30155497582046
12.75, 0, -6.3087, 102, 229.1667816917334, 11.66254171627288
12.875, 0, -5.160299999999999, 104, 240.1518727791998, 18.37770357583098
12.75, 0, -3.8454, 102, 237.4997582042183, 30.84882174066168
13.25, 0, -5.2841, 106, 235.5506406688341, 43.9546769524843
12.75, 0, -7.1298, 102, 248.2636082438985, 44.92573587724698
13.125, 0, -6.89325, 105, 258.0585408983717, 36.18932246587871
12.75, 0, -5.4825, 103, 270.7506738754519, 37.40268988431106
12.75, 0, -3.774, 103, 269.6791671855491, 50.10758553179647
12.625, 0, 0.101, 102, 266.3639897341283, 37.92562249353409
13.125, 0, -0.7875, 106, 278.7233540871483, 33.50841321738489
12.75, 0, -4.284, 102, 268.2425667497209, 26.24786249532377
12.75, 0, -4.76215, 102, 265.8432057503522, 38.77006544826733
12.75, 0, -4.386, 103, 264.0853199831598, 51.3983011773588
12.75, 0, -1.5759, 103, 251.4994801461214, 49.35890528729313
12.75, 0, 0.459, 102, 262.3124673980717, 42.60303327184172
13.0, 0, 0.8736000000000001, 104, 272.5319486640558, 50.63809410883604
12.75, 0, -0.153, 103, 284.4632851800566, 55.13317018627298
12.875, 0, -1.5141, 104, 293.1185278344224, 45.60151767508449
12.75, 0, -1.9992, 103, 290.7625117819955, 33.07108718125441
12.625, 0, -1.11605, 102, 290.9287949747757, 20.44718228222262
13.375, 0, 0.214, 107, 302.9663055375777, 14.61717675474405
12.75, 0, 0.9544499999999999, 102, 313.6015878599675, 21.64947864836775
13.125, 0, 0.04680000000000001, 105, 325.1159239477511, 27.94913653253615
12.875, 0, -0.515, 103, 337.6397390890851, 24.96255331660322
12.875, 0, -1.0815, 103, 346.6259871576427, 15.74230545386413
12.875, 0, -0.7004, 104, 354.7201587856115, 5.729812724429319
12.75, 0, -0.1887, 103, 366.2309133562031, 0.2466540348048714
12.875, 0, 0.0, 103, 379.0486497287215, -0.9663007395462825
12.75, 0, 0.0, 102, 391.7986497287215, -0.9663007395462825
12.625, 0, 0.10605, 102, 404.4059053423203, -0.2971737759729982
12.875, 0, 0.5459, 103, 416.6028943231549, 3.825820864018788
12.875, 0, 0.6731999999999999, 103, 427.1591805351624, 11.19673983048294
12.75, 0, 0.3824999999999999, 102, 438.1738031806985, 17.61862335297398
12.75, 0, -0.714, 102, 450.7490630113621, 15.51497409720522
13.0, 0, -3.4944, 105, 444.13899044428, 4.320915822481654
13.0, 0, -4.5344, 104, 435.784172895786, 14.28068608747159
12.75, 0, -4.758299999999999, 102, 434.9427877745466, 27.00289387848636
13.25, 0, -4.9396, 106, 436.7466025317841, 40.12953672125358
12.75, 0, -5.0592, 102, 440.3559589751746, 52.35798903806606
12.75, 0, -5.370299999999999, 102, 446.4950353984951, 63.5327033820048
12.875, 0, -5.5794, 103, 455.3878390043066, 72.84310987304825
12.625, 0, -5.51965, 102, 464.7647859155997, 81.29671807444909
12.875, 0, -5.3448, 103, 473.2527762051683, 90.97760883120229
13.25, 0, -3.70125, 106, 470.7586719572194, 103.9907538776683
12.75, 0, -3.2538, 102, 458.7213539585066, 108.1937855689434
13.125, 0, -5.292000000000001, 105, 453.1369674984403, 120.071506430482
12.75, 0, -6.3648, 102, 464.5909982986562, 125.6721919624241
12.75, 0, -5.443900000000001, 102, 476.4369724773531, 130.3876342277526
12.75, 0, -4.1514, 102, 477.5227338811037, 143.091319605395
12.875, 0, -3.301149999999999, 103, 466.7864329374044, 150.1974765869373
12.75, 0, -4.2687, 102, 456.5851420504318, 157.8457551016992
12.875, 0, -4.885800000000001, 103, 454.8505187214078, 170.6033687855512
12.625, 0, -3.777400000000001, 102, 450.1583989390083, 182.3240614676249
12.75, 0, 0.204, 102, 447.4269637811734, 169.8700756807957
13.375, 0, -0.856, 108, 460.0975151552587, 165.5866479789823
13.25, 0, -4.5633, 106, 448.0644720125501, 160.0397233602667
12.875, 0, -4.75345, 103, 447.3693801197765, 172.8959464549629
12.75, 0, -4.9215, 102, 448.9600711574418, 185.5463299283084
13.0, 0, -5.2364, 104, 453.6193627358799, 197.6826803676742
12.75, 0, -4.9215, 102, 458.1890525531943, 209.5856394524369
12.75, 0, -2.7591, 103, 448.4267052492204, 217.7868024868238
13.375, 0, -1.7441, 108, 440.0082430403248, 207.3935297088488
12.875, 0, -2.8662, 103, 431.3806083274685, 197.8368804916013
12.75, 0, -4.1259, 102, 419.4232124355674, 202.2621695764346
12.875, 0, -3.11575, 103, 407.9985921571692, 208.1988080608306
12.75, 0, -2.0961, 102, 397.0345096425458, 201.6910131491473
12.875, 0, -2.472, 104, 388.6104257494614, 191.9544616260321
13.0, 0, -3.744, 104, 375.6177600911482, 191.5178392591207
12.75, 0, -2.9172, 102, 363.094822001313, 193.9133604128896
12.75, 0, 0.051, 102, 364.8449075585574, 181.284041328223
13.0, 0, -0.676, 104, 377.2152908831836, 177.2873406386781
12.875, 0, -4.109699999999999, 103, 367.7837695492459, 168.5230933619591
12.75, 0, -4.5849, 103, 363.2316062993652, 180.4327663107195
12.75, 0, -4.6869, 103, 362.2573224666498, 193.1454871451164
13.0, 0, -4.2224, 104, 358.9436891575247, 205.716081176134
12.75, 0, -2.8101, 103, 347.0781174910464, 210.3819904152499
13.25, 0, -2.0193, 107, 337.1771477884039, 201.5766909344055
13.0, 0, -3.016, 105, 326.6265906729901, 193.9815777321952
13.25, 0, -4.5103, 106, 315.8547037621306, 201.6970785182528
12.75, 0, -4.56015, 102, 313.607660882992, 214.2475087220073
13.125, 0, -3.4755, 105, 305.206998173007, 224.3318773702206
12.75, 0, -2.1879, 102, 293.0643277033176, 220.4436832052471
12.75, 0, -4.9011, 102, 281.3352848602014, 225.4428885405321
12.75, 0, -5.814, 103, 289.0022054037758, 235.6301761765281
12.875, 0, -2.39475, 103, 281.6475097889323, 246.1977718071813
12.75, 0, 1.479, 102, 293.0841815476018, 240.5617236274324
12.75, 0, 1.9278, 103, 291.3984351538114, 253.1997914819671
13.125, 0, -1.1025, 105, 303.4217395731854, 258.4634191130841
12.875, 0, -4.326, 103, 291.7045843425299, 253.1273251951773
12.75, 0, -4.809299999999999, 102, 289.8655990021906, 265.7440059360861
13.125, 0, -2.9715, 105, 280.2515193450613, 274.6790547522019
12.75, 0, 1.01, 102, 287.3456131885218, 264.0848897289367
13.625, 0, 2.9757, 109, 281.7643393361943, 276.5142906471356
13.375, 0, 0.8055999999999999, 107, 277.5588694014482, 289.2109298728499
12.75, 0, -1.275, 103, 289.9593173198655, 286.24590180846
12.75, 0, -3.3201, 102, 281.4876174874733, 276.7173761119083
12.875, 0, -2.5143, 103, 268.9354010746427, 273.8525047141898
12.75, 0, -0.3737, 102, 270.547725816934, 261.2048603119545
12.75, 0, 0.612, 103, 283.2073287321468, 262.7204308412058
12.75, 0, 1.7136, 102, 288.266157944884, 274.4238810588278
12.75, 0, 1.9023, 103, 285.2707121897254, 286.817016446126
12.75, 0, -0.306, 103, 294.1706281599966, 295.9468573933776
12.875, 0, -2.8119, 104, 294.3231460501444, 283.0727607923269
12.75, 0, -0.9893999999999998, 103, 290.1933624819705, 271.0101164852091
12.625, 0, 0.8585000000000001, 102, 302.791331261482, 270.1844000505568
12.625, 0, 0.9544499999999999, 102, 310.5749585194536, 280.1245092908499
12.75, 0, -0.153, 102, 322.3148834211583, 285.0981059072166
13.25, 0, -1.5582, 107, 331.003778271693, 275.0948261312455
12.75, 0, -0.1785, 102, 339.2413851201528, 265.3632109821448
12.75, 0, 0.7649999999999999, 103, 351.4470808842784, 269.0487897580776
12.75, 0, 1.3923, 103, 357.4716927455352, 280.2856288118864
13.25, 0, -0.583, 106, 369.6516260240366, 285.5021147297486
12.75, 0, -1.2852, 102, 377.2320406671511, 275.250294704092
12.75, 0, -1.5606, 102, 379.110852006687, 262.6394831540595
13.25, 0, -1.1395, 106, 382.0120441903182, 249.7110035870866
12.75, 0, 0.714, 102, 394.4745820852677, 247.0188577483646
13.25, 0, 1.6695, 107, 399.3775413076507, 259.3283455875742
12.75, 0, 1.2546, 102, 400.7613258219358, 272.0030306100127
12.75, 0, 0.8823, 103, 406.9002380565226, 283.1778351530926
13.25, 0, -0.159, 106, 419.2931524979671, 287.8659234251962
12.875, 0, -0.9733499999999998, 104, 430.1591233863787, 280.9596725137254
12.75, 0, -1.3311, 103, 435.3414314150326, 269.3103728139087
12.75, 0, -1.7136, 102, 435.9588804852268, 256.5753323096262
12.875, 0, -1.80765, 103, 433.5294883849219, 243.9316113769666
12.75, 0, 0.969, 103, 445.1748790098699, 238.7405250559377
12.75, 0, 2.4633, 102, 443.3281386343778, 251.356073002243
13.75, 0, 2.5288, 110, 432.3450042907196, 259.628512786802
13.0, 0, 1.6484, 105, 425.9103562472443, 270.9243219458042
12.75, 0, -0.459, 102, 436.4713930782527, 278.0676405761108
13.5, 0, -3.402, 108, 431.7194351104148, 265.4316247692236
12.875, 0, -1.236, 103, 422.9602725114527, 255.9953810480736
13.125, 0, 0.525, 105, 435.2646000772037, 251.4271047697928
12.75, 0, 1.1781, 103, 443.6645279059171, 261.0189613404681
13.125, 0, 0.7192499999999999, 106, 451.3132575532664, 271.684914639717
12.75, 0, -0.204, 102, 463.6424797372391, 274.9334189629761
13.0, 0, -1.2012, 105, 473.5636200314947, 266.5327656989914
12.75, 0, -1.1271, 103, 478.6066449813799, 254.822496728774
12.75, 0, 0.204, 103, 490.0225270799981, 249.144456934052
12.75, 0, 0.7496999999999999, 102, 501.350202413252, 254.9964883372823
12.875, 0, 0.4641, 103, 511.9259844719206, 262.339407296902
12.875, 0, 0.05665, 103, 524.3670133485448, 265.6539850212891
13.125, 0, -0.21, 105, 537.4534509441039, 264.6486114302613
12.75, 0, -0.1071, 102, 550.043530969219, 262.6355577893467
13.125, 0, 0.1575, 105, 563.1643637397558, 262.9662727838782
12.75, 0, 0.7496999999999999, 103, 574.6250250250017, 268.5533778397069
12.75, 0, 0.2499, 102, 585.8154250004357, 274.6638154991391
13.0, 0, -0.416, 104, 598.7706182968521, 273.5854061833004
12.75, 0, -1.1781, 103, 607.6805717056913, 264.465360665195
12.875, 0, -0.8137, 103, 614.6813244505121, 253.6600339229867
12.75, 0, 0.051, 102, 626.5154032978416, 248.9148176123023
12.625, 0, 0.7423500000000001, 102, 638.1600810893294, 253.7925326647046
12.75, 0, 1.3209, 102, 644.7062505406308, 264.7337467433546
12.875, 0, 0.7467499999999999, 103, 651.292275488437, 275.7967436423361
13.375, 0, 0.689, 107, 661.3663953471127, 284.5946260053275
12.75, 0, 2.1879, 102, 663.0488893237235, 297.2331272621486
13.25, 0, 2.7083, 107, 652.8593993453504, 305.7028848726493
12.75, 0, 1.8615, 102, 644.5089099705582, 315.3378123348299
12.75, 0, 2.1471, 103, 639.1532347794969, 326.9084321647201
12.75, 0, 2.3358, 102, 631.2291325057279, 336.8969807657356
13.25, 0, 3.4079, 106, 618.4582590402443, 340.4278858803783
12.75, 0, 3.0855, 102, 605.7786223843419, 339.0902333566279
12.875, 0, 3.661649999999999, 103, 593.2485107803095, 336.1301779195639
12.875, 0, 4.66075, 104, 586.505866917854, 325.1619338146905
12.875, 0, 5.052149999999999, 104, 588.3542436265783, 312.4203040703193
13.0, 0, 4.588649999999999, 104, 589.755658262171, 299.4960618480787
12.875, 0, 2.79645, 104, 578.7858526261618, 292.7559587844614
12.875, 0, 1.56045, 103, 571.4349650692106, 303.3262036787418
13.25, 0, 1.7172, 107, 570.5342802377954, 316.5455556611371
12.75, 0, 2.0859, 102, 566.3936419637729, 328.6044782781747
13.375, 0, 2.77665, 108, 556.2533217759781, 337.3259765146591
13.375, 0, 4.17835, 107, 543.6258289468648, 332.9172295440683
13.625, 0, 4.033, 109, 535.8572491727414, 321.723937209233
12.875, 0, 2.17845, 103, 522.990530055108, 322.1856342396825
13.0, 0, -0.364, 105, 530.9976753888694, 332.4270024883113
12.75, 0, -0.4284, 102, 542.759985547516, 327.5065797694994
12.75, 0, 1.275, 102, 554.3846496565736, 332.7439153852095
13.25, 0, 3.8955, 107, 543.1328533762064, 339.7410276799432
13.0, 0, 4.004, 105, 534.152039040118, 330.3418269766541
13.125, 0, 3.56475, 105, 523.6463814990901, 322.4743760152152
13.25, 0, 3.0846, 106, 510.6178262471937, 320.0620642508939
12.875, 0, 3.11575, 104, 497.7538676979736, 320.5951640951509
12.75, 0, 3.2028, 103, 485.0058608878022, 320.3697259266343
13.625, 0, 4.7628, 109, 475.9239359609096, 310.212990987576
13.375, 0, 4.6759, 107, 476.0170388463645, 296.8383150343905
13.25, 0, 4.9131, 107, 477.1037877117711, 283.6329571481559
12.875, 0, 3.8625, 104, 472.9977022925813, 271.4302653332194
12.75, 0, -0.051, 102, 468.8064532128466, 283.4716909610935
12.875, 0, -1.0815, 104, 479.6719061018798, 276.5646251212307
12.75, 0, 1.02, 102, 492.4158786159119, 276.1726244049092
13.0, 0, 2.9484, 104, 487.1934069122799, 288.0774885076515
12.875, 0, 3.9243, 103, 474.8736713733219, 284.3372022552187
13.5, 0, 4.3038, 108, 467.2695156211169, 273.1825254200877
12.75, 0, 3.7077, 103, 458.991180002642, 263.4855331344411
12.75, 0, 3.4323, 102, 447.3934162788282, 258.1888948981078
12.875, 0, 3.4917, 104, 435.173661056002, 254.1338724204621
13.5, 0, 4.4766, 108, 426.1886505348774, 244.0581795938978
13.0, 0, 4.7996, 104, 425.2237818563072, 231.0940356409361
12.875, 0, 4.820399999999999, 103, 426.4785289968839, 218.2803228841582
13.25, 0, 5.3583, 107, 431.3558085142325, 205.9606376402222
12.875, 0, 5.06245, 104, 437.505644107153, 194.6493535760654
12.75, 0, 4.3197, 102, 437.2339114323861, 181.902249538149
12.75, 0, 3.97435, 102, 430.4034407060597, 171.1362303269086
12.875, 0, 4.6968, 104, 425.665957661514, 159.1645186947883
13.625, 0, 4.9922, 110, 427.4607388379569, 145.6582466136889
12.875, 0, 4.51655, 103, 428.001150032707, 132.7945931380783
13.0, 0, 4.840999999999999, 104, 427.5642505739794, 119.8019367944754
13.0, 0, 5.6628, 104, 434.2425654312641, 108.6484570384993
13.5, 0, 6.7176, 108, 447.6842451658659, 107.3949635553121
12.875, 0, 6.58685, 103, 459.6924252019102, 112.0392328435799
13.25, 0, 6.630299999999999, 107, 472.2471476450171, 116.27496706288
12.875, 0, 6.282999999999999, 103, 484.9289284990362, 118.4971415318705
12.625, 0, -1.5655, 102, 475.9789209553495, 127.4015219127814
13.25, 0, -4.6746, 107, 462.7319954056905, 127.1161038303311
12.625, 0, -4.666200000000001, 101, 462.2020402854286, 139.729976057784
12.75, 0, -4.8195, 102, 462.5903582273538, 152.4740613202098
12.875, 0, -1.94155, 103, 450.081121459633, 155.5211288431077
12.75, 0, 0.909, 103, 461.1693378823079, 149.2271669299786
12.875, 0, 2.3793, 104, 460.2257560693944, 162.0675438077162
12.75, 0, 1.9329, 104, 453.1819862750929, 172.6952343886884
12.75, 0, -0.051, 103, 460.6919986549112, 182.9987393289976
12.875, 0, -2.05485, 103, 467.065531921942, 171.811974886405
12.75, 0, -2.0247, 103, 461.302844720874, 160.4385876942513
12.75, 0, 0.204, 102, 469.1245793871928, 150.3696767894063
12.75, 0, 1.37865, 102, 478.0865987571617, 159.4385636457025
12.875, 0, 1.14845, 103, 481.9804502542899, 171.7106272667205
12.75, 0, -0.153, 102, 493.1835052879443, 177.7978317082446
12.75, 0, -1.1781, 102, 503.2123656538618, 169.9248107022439
12.875, 0, -0.48925, 104, 511.8664167840478, 160.3920763601925
12.75, 0, 0.408, 102, 524.6058969907469, 159.8742500735641
12.875, 0, 0.7570499999999999, 103, 535.3575033806758, 166.9572286162422
13.25, 0, 0.2597, 107, 546.9318639007912, 173.4067773252911
